Bowling for Columbine,96
The Naked Gun From the Files of Police Squad,87
Inception,86
X Men First Class,86
Thor,77
Captain America The First Avenger,80
The Island President,98
Marvels The Avengers,92
Wreck it Ralph,87
The LEGO Movie,96
Star Wars Episode III Revenge of the Sith,79
Star Wars,93
X Men Days of Future Past,91
AntMan,82
Star Wars Episode VII The Force Awakens,93
Thor The Dark World,66
Avengers Age of Ultron,75
Zootopia,98
The Hobbit The Desolation of Smaug,75
Captain America Civil War,91
Big Hero 6,89
Die Hard,92
Deadpool,84
Casino Royale,94
Iron Man,94
The Kings Speech,95
Finding Nemo,99
Batman Begins,84
Star Trek Beyond,84
X Men Apocalypse,48
Rogue One A Star Wars Story,85
Fantastic Beasts and Where to Find Them,74
Incredibles,97
The Grand Budapest Hotel,92
Superman Man of Steel,55
Avatar,84
X2 XMen United,86
Transformers the Movie,57
All the Presidents Men,93
XMen,81
Monsters Inc,96
Fish Called Wanda,93
Dumb and Dumber,67
Wall E,96
Transformers Revenge of the Fallen,19
The Incredible Hulk,67
Up,98
Anchorman,66
Tangled,89
1214097 despicable me?,81
Transformers Dark of the Moon,35
Iron Man 3,79
Iron Man 2,73
The Dark Knight,94
The Hobbit An Unexpected Journey,64
Transformers Age of Extinction,18
1083326 les miserables?,74
Brave 2012,78
Captain America The Winter Soldier,89
Guardians of the Galaxy,91
How to Train Your Dragon,98
The Amazing Spider Man,73
Skyfall,93
The Dark Knight Rises,87
Pacific Rim 2013,71
Kubo and the Two Strings,97
Batman v Superman Dawn of Justice,27
Empire Strikes Back,94
Doctor Strange 2016,89
Star Wars Episode VI Return of the Jedi,80
Jurassic World,71
Star Trek,94
SpiderMan,89
Kung Fu Panda,87
Shrek,88
Over the Hedge,75
Madagascar,55
Rise of the Planet of the Apes,81
Bugs Life,92
SpiderMan 2,94
Dawn of the Planet of the Apes,90
Guardians of the Galaxy Vol 2,82
Shrek 2,88
Wonder Woman 2017,92
Apollo 13,95
The Royal Tenenbaums,80
Super 8,82
American Hustle,93
Star Trek Into Darkness,86
The Hobbit The Battle of the Five Armies,60
The Martian,92
Django Unchained,87
Spider Man Homecoming,92
Blade Runner,90
The Lord of the Rings The Fellowship of the Ring,91
The Lord of the Rings The Two Towers,96
Mission Impossible,63
Mission Impossible 2,57
Oceans Twelve,55
Bourne Identity,83
Oceans Eleven,82
Men in Black III,68
The Lord of the Rings The Return of the King,94
Mission Impossible 3,70
